id,stateid,status,title,namespace,showvideouuid,videoplaylistuuid,episodeuuid,seriesuuid,uri_1200,uri_400,lang,hostentry,take
2879,1,NULL,"Are You the One Brasil: ""Episodio 1"" S2",mtv-intl-latinamerica,27cc4fe8-191a-11e5-b90b-0026b9414f30,f2fb80c2-2d2f-4617-94cc-2181fb70c1fb,3fd0550f-eefd-47c6-92b3-35504cc317c5,6a5c9860-9e9f-4290-a47b-53ba38b0110d,mgid:file:gsp:alias:/mediabus/mtv-intl-latinamerica.com/2015/07/23/09/20/52859480/HDMSAYB101S1V2_859480_5764965_640x360_1200_m30.mp4,mgid:file:gsp:alias:/mediabus/mtv-intl-latinamerica.com/2015/07/23/09/20/52859480/HDMSAYB101S1V2_859480_5764965_384x216_400_m30.mp4,spa,NULL,1
2880,1,NULL,"Are You the One Brasil: ""Episodio 2"" S2",mtv-intl-latinamerica,09d8f8c4-191a-11e5-b90b-0026b9414f30,c60a4cd2-87d0-4d27-bcb2-393fa22e2b9a,aa1dd48a-dd17-4ca5-aab4-0262dba435ea,6a5c9860-9e9f-4290-a47b-53ba38b0110d,mgid:file:gsp:alias:/mediabus/mtv-intl-latinamerica.com/2015/07/23/09/19/37850832/HDMSAYB102S1V2_850832_5740149_640x360_1200_m30.mp4,mgid:file:gsp:alias:/mediabus/mtv-intl-latinamerica.com/2015/07/23/09/19/37850832/HDMSAYB102S1V2_850832_5740149_384x216_400_m30.mp4,spa,NULL,1
2881,1,NULL,"Are You the One Brasil: ""Episodio 8"" S2",mtv-intl-latinamerica,40e2230c-2001-11e5-b90b-0026b9414f30,f21eecfa-ef52-42a8-ba7f-22b3a8449ccc,43a9156e-9af0-11e4-a3c3-0026b9414f30,6a5c9860-9e9f-4290-a47b-53ba38b0110d,mgid:file:gsp:alias:/mediabus/mtv-intl-latinamerica.com/2015/10/08/02/57/27883097/HDMSAYB108S1V2_883097_5779245_640x360_1200_m30.mp4,mgid:file:gsp:alias:/mediabus/mtv-intl-latinamerica.com/2015/10/08/02/57/27883097/HDMSAYB108S1V2_883097_5779245_384x216_400_m30.mp4,spa,NULL,1
2882,1,NULL,"Are You the One Brasil: ""Episodio 3"" S2",mtv-intl-latinamerica,ccc04cbe-1ffc-11e5-b90b-0026b9414f30,7ef3d06e-8479-4e21-a616-1c3e04204b7a,0b55aa30-db2d-4566-b605-85c7ed91ace3,6a5c9860-9e9f-4290-a47b-53ba38b0110d,mgid:file:gsp:alias:/mediabus/mtv-intl-latinamerica.com/2015/07/23/09/21/57861848/HDMSAYB103S1V2_861848_5759200_640x360_1200_m30.mp4,mgid:file:gsp:alias:/mediabus/mtv-intl-latinamerica.com/2015/07/23/09/21/57861848/HDMSAYB103S1V2_861848_5759200_384x216_400_m30.mp4,spa,NULL,1
2883,1,NULL,"Are You the One Brasil: ""Episodio 6"" S2",mtv-intl-latinamerica,1ee15ba2-1ffb-11e5-b90b-0026b9414f30,7ebef57d-9298-47b3-a502-58bea33971d5,ced6b122-1b26-4615-86b1-00110006b257,6a5c9860-9e9f-4290-a47b-53ba38b0110d,mgid:file:gsp:alias:/mediabus/mtv-intl-latinamerica.com/2015/07/23/09/23/06874513/HDMSAYB106S1V2_874513_5765211_640x360_1200_m30.mp4,mgid:file:gsp:alias:/mediabus/mtv-intl-latinamerica.com/2015/07/23/09/23/06874513/HDMSAYB106S1V2_874513_5765211_384x216_400_m30.mp4,spa,NULL,1
2884,1,NULL,"Are You the One Brasil: ""Episodio 4"" S2",mtv-intl-latinamerica,7f229cd2-1ff7-11e5-b90b-0026b9414f30,ffa192bd-71ff-4213-91be-559c82374cb7,b97bc54c-d074-432c-8b5c-8dcc4e3ea6aa,6a5c9860-9e9f-4290-a47b-53ba38b0110d,mgid:file:gsp:alias:/mediabus/mtv-intl-latinamerica.com/2015/07/23/09/17/30876415/HDMSAYB104S1V2_876415_5749319_640x360_1200_m30.mp4,mgid:file:gsp:alias:/mediabus/mtv-intl-latinamerica.com/2015/07/23/09/17/30876415/HDMSAYB104S1V2_876415_5749319_384x216_400_m30.mp4,spa,NULL,1
2885,1,NULL,"Are You the One Brasil: ""Episodio 10"" S2",mtv-intl-latinamerica,34050dca-1ff7-11e5-b90b-0026b9414f30,48deabb6-d0a3-437d-a835-f7c1b882c65a,43a91708-9af0-11e4-a3c3-0026b9414f30,6a5c9860-9e9f-4290-a47b-53ba38b0110d,mgid:file:gsp:alias:/mediabus/mtv-intl-latinamerica.com/2015/10/08/03/37/44888858/HDMSAYB110S1V2_888858_5796582_640x360_1200_m30.mp4,mgid:file:gsp:alias:/mediabus/mtv-intl-latinamerica.com/2015/10/08/03/37/44888858/HDMSAYB110S1V2_888858_5796582_384x216_400_m30.mp4,spa,NULL,1
2886,1,NULL,"Are You the One Brasil: ""Episodio 9"" S2",mtv-intl-latinamerica,aa836056-1ff6-11e5-b90b-0026b9414f30,3f7dfa33-ab63-4d14-9d09-cdb752dda25c,43a9164a-9af0-11e4-a3c3-0026b9414f30,6a5c9860-9e9f-4290-a47b-53ba38b0110d,mgid:file:gsp:alias:/mediabus/mtv-intl-latinamerica.com/2015/10/08/03/29/09887789/HDMSAYB109S1V2_887789_5792100_640x360_1200_m30.mp4,mgid:file:gsp:alias:/mediabus/mtv-intl-latinamerica.com/2015/10/08/03/29/09887789/HDMSAYB109S1V2_887789_5792100_384x216_400_m30.mp4,spa,NULL,1
2887,1,NULL,"Are You the One Brasil: ""Final de Temporada"" S2",mtv-intl-latinamerica,5e11b8e4-7078-11e5-8ff7-0026b9414f30,f1cb5162-db1f-4f87-8950-85f2a8cba045,cf80cc45-bc76-4815-ba5c-a4e82542605e,6a5c9860-9e9f-4290-a47b-53ba38b0110d,mgid:file:gsp:alias:/mediabus/mtv-intl-latinamerica/.com/2015/10/11/08/30/19/1f5ce31c5fc04081a8cb015a664f558f/897907/WhifRQW0QG_HDMSLS1973S1V2_897907_5805661_640x360_1200_m30.mp4,mgid:file:gsp:alias:/mediabus/mtv-intl-latinamerica/.com/2015/10/11/08/30/19/1f5ce31c5fc04081a8cb015a664f558f/897907/WhifRQW0QG_HDMSLS1973S1V2_897907_5805661_384x216_400_m30.mp4,spa,NULL,1
2888,1,NULL,"Are You the One Brasil: ""Episodio 5"" S2",mtv-intl-latinamerica,52742388-1ffa-11e5-b90b-0026b9414f30,cde1ea4e-0fe6-4221-a4d3-6b3cec757f37,e05d1000-c1e1-4932-94a3-2f416c900a65,6a5c9860-9e9f-4290-a47b-53ba38b0110d,mgid:file:gsp:alias:/mediabus/mtv-intl-latinamerica.com/2015/07/23/09/19/13875850/HDMSAYB105S1V2_875850_5765210_640x360_1200_m30.mp4,mgid:file:gsp:alias:/mediabus/mtv-intl-latinamerica.com/2015/07/23/09/19/13875850/HDMSAYB105S1V2_875850_5765210_384x216_400_m30.mp4,spa,NULL,1
2889,1,NULL,"Are You the One Brasil: ""Episodio 7"" S2",mtv-intl-latinamerica,b419e01e-1fff-11e5-b90b-0026b9414f30,ef4c0aed-1ef3-44ed-b04f-ddbb1abfa90a,19dff7ed-1e93-4887-b034-1fd2a525e399,6a5c9860-9e9f-4290-a47b-53ba38b0110d,mgid:file:gsp:alias:/mediabus/mtv-intl-latinamerica.com/2015/10/08/03/02/26882196/HDMSAYB107S1V2_882196_5779244_640x360_1200_m30.mp4,mgid:file:gsp:alias:/mediabus/mtv-intl-latinamerica.com/2015/10/08/03/02/26882196/HDMSAYB107S1V2_882196_5779244_384x216_400_m30.mp4,spa,NULL,1
2890,1,NULL,Episodio 4 104 2,mtv-intl-latinamerica,c17c8e12-710f-11e5-8ff7-0026b9414f30,f42a47b1-b44d-469d-8ff9-25e83a8edeb4,32bcd9a8-3334-11e4-b48f-0026b9414f30,0cdcd9b6-033e-11e4-bd0a-0026b9414f30,mgid:file:gsp:alias:/mediabus/mtv-intl-latinamerica/.com/2015/10/19/05/47/36/13cd633e4ec24571acc4065d4a430bde/923416/o7qunrnx8g_HDAPS104X2_923416_5488821_640x360_1200_m30.mp4,mgid:file:gsp:alias:/mediabus/mtv-intl-latinamerica/.com/2015/10/19/05/47/36/13cd633e4ec24571acc4065d4a430bde/923416/o7qunrnx8g_HDAPS104X2_923416_5488821_384x216_400_m30.mp4,spa,NULL,1
2891,1,NULL,El Cambio 109 2,mtv-intl-latinamerica,dc9be90e-15d9-11e5-b90b-0026b9414f30,b2925df8-3192-4f45-bc62-261f311dc631,9f3b803a-bdf0-11e2-8a73-0026b9414f30,c8aa7db6-bd75-11e2-8a73-0026b9414f30,mgid:file:gsp:alias:/mediabus/mtv-intl-latinamerica/.com/2015/10/19/05/47/36/13cd633e4ec24571acc4065d4a430bde/923416/o7qunrnx8g_HDAPS104X2_923416_5488821_640x360_1200_m30.mp4,mgid:file:gsp:alias:/mediabus/mtv-intl-latinamerica/.com/2015/10/19/05/47/36/13cd633e4ec24571acc4065d4a430bde/923416/o7qunrnx8g_HDAPS104X2_923416_5488821_384x216_400_m30.mp4,spa,NULL,1
2892,1,NULL,Maura 102 2,mtv-intl-latinamerica,51c49b7c-15da-11e5-b90b-0026b9414f30,fa9d27af-71b3-42a6-abaf-d7930c1a619d,9f3b7a18-bdf0-11e2-8a73-0026b9414f30,c8aa7db6-bd75-11e2-8a73-0026b9414f30,mgid:file:gsp:alias:/mediabus/mtv-intl-latinamerica/.com/2015/10/19/05/47/36/13cd633e4ec24571acc4065d4a430bde/923416/o7qunrnx8g_HDAPS104X2_923416_5488821_640x360_1200_m30.mp4,mgid:file:gsp:alias:/mediabus/mtv-intl-latinamerica/.com/2015/10/14/09/39/39/75c0883cc5eb4479977d099a15c67bd7/434617/w7iabTtA74_FDB102A2_434617_4505822_448x252_450_b30.mp4,spa,NULL,1
2893,1,NULL,LÃƒÂ¡rgate - Parte I 111 2,mtv-intl-latinamerica,56317a12-15db-11e5-b90b-0026b9414f30,c5c10eb7-01e9-420b-a876-4a9cc30bbde5,9f3b8206-bdf0-11e2-8a73-0026b9414f30,c8aa7db6-bd75-11e2-8a73-0026b9414f30,mgid:file:gsp:alias:/mediabus/mtv-intl-latinamerica/.com/2015/10/19/05/47/36/13cd633e4ec24571acc4065d4a430bde/923416/o7qunrnx8g_HDAPS104X2_923416_5488821_640x360_1200_m30.mp4,mgid:file:gsp:alias:/mediabus/mtv-intl-latinamerica/.com/2015/10/14/09/39/39/75c0883cc5eb4479977d099a15c67bd7/434617/w7iabTtA74_FDB102A2_434617_4505822_448x252_450_b30.mp4,spa,NULL,1
2894,1,NULL,PreÃƒÂ±ada 106 2,mtv-intl-latinamerica,d0a8c5e8-15db-11e5-b90b-0026b9414f30,49a047aa-604d-4520-a5ef-dfe355aa7a95,9f3b7d88-bdf0-11e2-8a73-0026b9414f30,c8aa7db6-bd75-11e2-8a73-0026b9414f30,mgid:file:gsp:alias:/mediabus/mtv-intl-latinamerica/.com/2015/10/19/05/47/36/13cd633e4ec24571acc4065d4a430bde/923416/o7qunrnx8g_HDAPS104X2_923416_5488821_640x360_1200_m30.mp4,mgid:file:gsp:alias:/mediabus/mtv-intl-latinamerica/.com/2015/10/14/08/58/59/a9af3d2b8ef44d3c870253e5c1dd4142/447225/OmUrMsQONM_FDB106A2_447225_4563332_448x252_450_b30.mp4,spa,NULL,1
2895,1,NULL,El Enemigo del Abuelo 104 2,mtv-intl-latinamerica,501e71ba-15dc-11e5-b90b-0026b9414f30,7b09abd0-2abd-458b-9268-cd825f9131f9,9f3b7bd0-bdf0-11e2-8a73-0026b9414f30,c8aa7db6-bd75-11e2-8a73-0026b9414f30,mgid:file:gsp:alias:/mediabus/mtv-intl-latinamerica/.com/2015/10/19/05/47/36/13cd633e4ec24571acc4065d4a430bde/923416/o7qunrnx8g_HDAPS104X2_923416_5488821_640x360_1200_m30.mp4,mgid:file:gsp:alias:/mediabus/mtv-intl-latinamerica/.com/2015/10/14/08/44/32/433eaa0bba294ad68246dfc89276469e/435415/f9DJ93ZVyY_FDB104A2_435415_4507929_448x252_450_b30.mp4,spa,NULL,1
2899,1,NULL,Episodio 3 203 2,mtv-intl-latinamerica,7ca9b760-769b-11e5-8ff7-0026b9414f30,52ba4c45-718d-4212-b918-19c948542771,685b7757-cf5d-4d0e-87ee-9fe27788214e,0cdcd9b6-033e-11e4-bd0a-0026b9414f30,mgid:file:gsp:alias:/mediabus/mtv-intl-latinamerica/.com/2015/10/19/05/42/58/feccf91e7628474e98b9988187358800/875829/XylgNKJNRC_HDMSAPS203S1V2_875829_5733857_640x360_1200_m30.mp4,mgid:file:gsp:alias:/mediabus/mtv-intl-latinamerica/.com/2015/10/19/05/42/58/feccf91e7628474e98b9988187358800/875829/XylgNKJNRC_HDMSAPS203S1V2_875829_5733857_384x216_400_m30.mp4,spa,NULL,1
2900,1,NULL,Episodio 2 202 2,mtv-intl-latinamerica,bf5dfd0a-769b-11e5-8ff7-0026b9414f30,216d3ba8-fce3-456b-9f6b-b7da973cdc41,98659705-1936-45ae-a3f0-e9644a34d3a1,0cdcd9b6-033e-11e4-bd0a-0026b9414f30,mgid:file:gsp:alias:/mediabus/mtv-intl-latinamerica/.com/2015/10/19/05/46/11/41b194fd73dc4c11a4efccd723b40667/842466/XfmaNCVTZQ_HDMSAPS202S1V2_842466_5721475_640x360_1200_m30.mp4,mgid:file:gsp:alias:/mediabus/mtv-intl-latinamerica/.com/2015/10/19/05/46/11/41b194fd73dc4c11a4efccd723b40667/842466/XfmaNCVTZQ_HDMSAPS202S1V2_842466_5721475_384x216_400_m30.mp4,spa,NULL,1
2901,1,NULL,Alejandra 105 2,mtv-intl-latinamerica,c1bdc032-15dc-11e5-b90b-0026b9414f30,57878c9b-af4e-4397-876a-0ca272864b77,36483e78-3f05-11e4-b48f-0026b9414f30,90111094-e7e7-4f8f-a360-59c412a5dfde,mgid:file:gsp:alias:/mediabus/mtv-intl-latinamerica/.com/2015/10/14/08/57/43/f6bab7223b6449d3873165fee59e61af/713874/omlnR756Dw_CCB105A2_713874_5358932_640x360_1200_m30.mp4,mgid:file:gsp:alias:/mediabus/mtv-intl-latinamerica/.com/2015/10/14/08/57/43/f6bab7223b6449d3873165fee59e61af/713874/omlnR756Dw_CCB105A2_713874_5358932_384x216_400_m30.mp4,spa,NULL,1
2902,1,NULL,Seguro Millonario 108 2,mtv-intl-latinamerica,96394cb8-2b00-11e5-b90b-0026b9414f30,cff0b6d5-aebc-448a-a013-d14bfee4c469,9f3b7f54-bdf0-11e2-8a73-0026b9414f30,c8aa7db6-bd75-11e2-8a73-0026b9414f30,mgid:file:gsp:alias:/mediabus/mtv-intl-latinamerica/.com/2015/10/14/08/57/43/f6bab7223b6449d3873165fee59e61af/713874/omlnR756Dw_CCB105A2_713874_5358932_640x360_1200_m30.mp4,mgid:file:gsp:alias:/mediabus/mtv-intl-latinamerica/.com/2015/10/14/08/57/43/f6bab7223b6449d3873165fee59e61af/713874/omlnR756Dw_CCB105A2_713874_5358932_384x216_400_m30.mp4,spa,NULL,1
2903,1,NULL,El Sirviente del Amor 105 2,mtv-intl-latinamerica,96375314-2aff-11e5-b90b-0026b9414f30,508a1fd7-0f35-4d98-a60d-35baf2a0f054,9f3b7cb6-bdf0-11e2-8a73-0026b9414f30,c8aa7db6-bd75-11e2-8a73-0026b9414f30,mgid:file:gsp:alias:/mediabus/mtv-intl-latinamerica/.com/2015/10/14/08/57/43/f6bab7223b6449d3873165fee59e61af/713874/omlnR756Dw_CCB105A2_713874_5358932_640x360_1200_m30.mp4,mgid:file:gsp:alias:/mediabus/mtv-intl-latinamerica/.com/2015/10/14/09/01/36/35ea8e54dd744f798122525c44c08cd3/445855/V4bPn5yB07_FDB105A2_445855_4553872_448x252_450_b30.mp4,spa,NULL,1
2904,1,NULL,Samuel 106 2,mtv-intl-latinamerica,293c536e-1ff5-11e5-b90b-0026b9414f30,e798f4d1-f2b1-4fa7-ad7b-6bdc0b3f67c6,36483f36-3f05-11e4-b48f-0026b9414f30,90111094-e7e7-4f8f-a360-59c412a5dfde,mgid:file:gsp:alias:/mediabus/mtv-intl-latinamerica/.com/2015/10/14/09/31/00/c4aceb294b5a43898c4ab496516c7cac/718476/UKlIuJ79uq_CCB106A2_718476_5371641_640x360_1200_m30.mp4,mgid:file:gsp:alias:/mediabus/mtv-intl-latinamerica/.com/2015/10/14/09/31/00/c4aceb294b5a43898c4ab496516c7cac/718476/UKlIuJ79uq_CCB106A2_718476_5371641_384x216_400_m30.mp4,spa,NULL,1
2905,1,NULL,Henry 107 2,mtv-intl-latinamerica,ef8b024a-1ff5-11e5-b90b-0026b9414f30,57deb0a0-b8b1-47b2-aeca-f0a6ee400b92,36483fea-3f05-11e4-b48f-0026b9414f30,90111094-e7e7-4f8f-a360-59c412a5dfde,mgid:file:gsp:alias:/mediabus/mtv-intl-latinamerica/.com/2015/10/14/09/10/56/b3b45b05ec21493cbd5a088146ff1004/723289/TmsaknCeu9_CCB107A2_723289_5380440_640x360_1200_m30.mp4,mgid:file:gsp:alias:/mediabus/mtv-intl-latinamerica/.com/2015/10/14/09/10/56/b3b45b05ec21493cbd5a088146ff1004/723289/TmsaknCeu9_CCB107A2_723289_5380440_384x216_400_m30.mp4,spa,NULL,1
2906,1,NULL,LÃ¡rgate - Parte II 112 2,mtv-intl-latinamerica,15d4e302-2b00-11e5-b90b-0026b9414f30,9442c090-b28d-4d4c-9d67-e99301e95693,9f3b82e2-bdf0-11e2-8a73-0026b9414f30,c8aa7db6-bd75-11e2-8a73-0026b9414f30,mgid:file:gsp:alias:/mediabus/mtv-intl-latinamerica/.com/2015/10/14/09/10/56/b3b45b05ec21493cbd5a088146ff1004/723289/TmsaknCeu9_CCB107A2_723289_5380440_640x360_1200_m30.mp4,mgid:file:gsp:alias:/mediabus/mtv-intl-latinamerica/.com/2015/10/14/08/54/01/b865e1c148484f3ba43c973d76dfa1c8/467060/vwvb2td4SL_FDB112A2_467060_4641470_384x216_400_m30.mp4,spa,NULL,1
2908,1,NULL,Padre MÃƒÂ­o 101 2,mtv-intl-latinamerica,649a7adc-15da-11e5-b90b-0026b9414f30,03d1c15a-679b-48bf-a780-01114be11e04,9f3b78ec-bdf0-11e2-8a73-0026b9414f30,c8aa7db6-bd75-11e2-8a73-0026b9414f30,mgid:file:gsp:alias:/mediabus/mtv-intl-latinamerica.com/2015/06/19/10/32/42144130/IUF103A2_144130_3503608_576x432_1200_m30.mp4,mgid:file:gsp:alias:/mediabus/mtv-intl-latinamerica.com/2015/06/19/10/32/42144130/IUF103A2_144130_3503608_384x288_400_m30.mp4,spa,NULL,1
2909,1,NULL,Secuestrado 110 2,mtv-intl-latinamerica,04903384-15da-11e5-b90b-0026b9414f30,da48e57c-d265-4c38-8878-961e0f1e1a7c,9f3b812a-bdf0-11e2-8a73-0026b9414f30,c8aa7db6-bd75-11e2-8a73-0026b9414f30,mgid:file:gsp:alias:/mediabus/mtv-intl-latinamerica.com/2015/06/19/10/32/42144130/IUF103A2_144130_3503608_576x432_1200_m30.mp4,mgid:file:gsp:alias:/mediabus/mtv-intl-latinamerica.com/2015/06/19/10/32/42144130/IUF103A2_144130_3503608_384x288_400_m30.mp4,spa,NULL,1
2910,1,NULL,San Itario 107 2,mtv-intl-latinamerica,8e110a22-15dd-11e5-b90b-0026b9414f30,afc85f10-e0ea-47d9-92c4-a48bb4482696,9f3b7e78-bdf0-11e2-8a73-0026b9414f30,c8aa7db6-bd75-11e2-8a73-0026b9414f30,mgid:file:gsp:alias:/mediabus/mtv-intl-latinamerica.com/2015/06/19/10/32/42144130/IUF103A2_144130_3503608_576x432_1200_m30.mp4,mgid:file:gsp:alias:/mediabus/mtv-intl-latinamerica/.com/2015/10/14/08/48/41/c6b387945b1a4d9b8ebe3e18b777c3a8/453792/5PYTuYAaRn_FDB107A2_453792_4590645_512x288_750_m30.mp4,spa,NULL,1
2911,1,NULL,Episodio 1 101 2,mtv-intl-latinamerica,6d1f5db4-6b7d-11e5-8ff7-0026b9414f30,1a3f6b5f-dd4d-43f8-871f-de1c84eb64e4,d9a2156a-033e-11e4-bd0a-0026b9414f30,0cdcd9b6-033e-11e4-bd0a-0026b9414f30,mgid:file:gsp:alias:/mediabus/mtv-intl-latinamerica.com/2015/10/05/12/23/54915725/HDAPS101X2_915725_5448470_640x360_1200_m30.mp4,mgid:file:gsp:alias:/mediabus/mtv-intl-latinamerica.com/2015/10/05/12/23/54915725/HDAPS101X2_915725_5448470_384x216_400_m30.mp4,spa,NULL,1
2912,1,NULL,Diana 104 2,mtv-intl-latinamerica,c3cb4c20-1ff8-11e5-b90b-0026b9414f30,cbbff3bd-5350-4fec-90ec-af9d98088364,36483dba-3f05-11e4-b48f-0026b9414f30,90111094-e7e7-4f8f-a360-59c412a5dfde,mgid:file:gsp:alias:/mediabus/mtv-intl-latinamerica/.com/2015/10/14/08/46/38/d0440fb27ef24fd689977f11bfeac19f/700532/SqsdleQmW3_CCB104A2_700532_5328150_640x360_1200_m30.mp4,mgid:file:gsp:alias:/mediabus/mtv-intl-latinamerica/.com/2015/10/14/08/46/38/d0440fb27ef24fd689977f11bfeac19f/700532/SqsdleQmW3_CCB104A2_700532_5328150_384x216_400_m30.mp4,spa,NULL,1
2913,1,NULL,JÃƒÂ©ssica- 4to Episodio a Estrenar 101 2,mtv-intl-latinamerica,b3e47a64-15dc-11e5-b90b-0026b9414f30,ef3ca6b5-5850-4ec9-9730-d8a2a0076ea9,74642c92-1ebe-11e4-b48f-0026b9414f30,90111094-e7e7-4f8f-a360-59c412a5dfde,mgid:file:gsp:alias:/mediabus/mtv-intl-latinamerica/.com/2015/10/14/09/00/10/d3822333e7994572963e6b9b7cc72f11/709755/fM5485wjmK_CCB101A2_709755_5347707_640x360_1200_m30.mp4,mgid:file:gsp:alias:/mediabus/mtv-intl-latinamerica/.com/2015/10/14/09/00/10/d3822333e7994572963e6b9b7cc72f11/709755/fM5485wjmK_CCB101A2_709755_5347707_384x216_400_m30.mp4,spa,NULL,1
2914,1,NULL,Fredy 103 2,mtv-intl-latinamerica,99b92b34-15dd-11e5-b90b-0026b9414f30,9251b72e-f689-4b34-8bb6-4b5f8e1bb0fc,36483cb6-3f05-11e4-b48f-0026b9414f30,90111094-e7e7-4f8f-a360-59c412a5dfde,mgid:file:gsp:alias:/mediabus/mtv-intl-latinamerica/.com/2015/10/14/08/55/11/24d24046a5a649ccacd3a34ded25208c/696596/o5vrtWO78j_CCB103A2_696596_5316470_640x360_1200_m30.mp4,mgid:file:gsp:alias:/mediabus/mtv-intl-latinamerica/.com/2015/10/14/08/55/11/24d24046a5a649ccacd3a34ded25208c/696596/o5vrtWO78j_CCB103A2_696596_5316470_384x216_400_m30.mp4,spa,NULL,1
2915,1,NULL,Karen 102 2,mtv-intl-latinamerica,80f8113c-15dd-11e5-b90b-0026b9414f30,9b0fdf5f-48fb-4d4a-b4ed-f72b3cca007d,36483bee-3f05-11e4-b48f-0026b9414f30,90111094-e7e7-4f8f-a360-59c412a5dfde,mgid:file:gsp:alias:/mediabus/mtv-intl-latinamerica/.com/2015/10/14/08/53/07/840de66406ff4353b19697fc9e6ed6aa/705167/9lMrm41Zhn_CCB102A2_705167_5338701_640x360_1200_m30.mp4,mgid:file:gsp:alias:/mediabus/mtv-intl-latinamerica/.com/2015/10/14/08/53/07/840de66406ff4353b19697fc9e6ed6aa/705167/9lMrm41Zhn_CCB102A2_705167_5338701_384x216_400_m30.mp4,spa,NULL,1
2916,1,NULL,Episodio 2 102 2,mtv-intl-latinamerica,1b92a5a2-7111-11e5-8ff7-0026b9414f30,e2ccd4b4-638b-4c97-ad48-14d56ddbc368,32bcd868-3334-11e4-b48f-0026b9414f30,0cdcd9b6-033e-11e4-bd0a-0026b9414f30,mgid:file:gsp:alias:/mediabus/mtv-intl-latinamerica/.com/2015/10/12/02/43/37/d5e610ebd8694748bc54589da258f3c5/923365/4AH8eoZ7JJ_HDAPS102X2_923365_5488679_640x360_1200_m30.mp4,mgid:file:gsp:alias:/mediabus/mtv-intl-latinamerica/.com/2015/10/12/02/43/37/d5e610ebd8694748bc54589da258f3c5/923365/4AH8eoZ7JJ_HDAPS102X2_923365_5488679_384x216_400_m30.mp4,spa,NULL,1
2917,1,NULL,Episodio 3 103 2,mtv-intl-latinamerica,7ad2ff4a-7110-11e5-8ff7-0026b9414f30,d3aa3581-8a63-4101-a1cd-f5027a8ad06a,32bcd908-3334-11e4-b48f-0026b9414f30,0cdcd9b6-033e-11e4-bd0a-0026b9414f30,mgid:file:gsp:alias:/mediabus/mtv-intl-latinamerica/.com/2015/10/19/05/39/15/3066678727014a6097979420ddf26048/923396/2abIbXwL3V_HDAPS103X2_923396_5448478_640x360_1200_m30.mp4,mgid:file:gsp:alias:/mediabus/mtv-intl-latinamerica/.com/2015/10/19/05/39/15/3066678727014a6097979420ddf26048/923396/2abIbXwL3V_HDAPS103X2_923396_5448478_384x216_400_m30.mp4,spa,NULL,1
2918,1,NULL,Episodio 4 204 2,mtv-intl-latinamerica,30043282-7155-11e5-8ff7-0026b9414f30,a3ed5bad-6f58-4971-a9a1-5398b9ac3078,9d45787a-d7d5-411b-8ff5-2a4ce68e3cff,0cdcd9b6-033e-11e4-bd0a-0026b9414f30,mgid:file:gsp:alias:/mediabus/mtv-intl-latinamerica/.com/2015/10/19/05/48/56/5eca95748a09463a8dfb9655fc400636/875847/KKUqJv8MeE_HDMSAPS204S1V2_875847_5747153_640x360_1200_m30.mp4,mgid:file:gsp:alias:/mediabus/mtv-intl-latinamerica/.com/2015/10/19/05/48/56/5eca95748a09463a8dfb9655fc400636/875847/KKUqJv8MeE_HDMSAPS204S1V2_875847_5747153_384x216_400_m30.mp4,spa,NULL,1
2919,1,NULL,Episodio 10 210 2,mtv-intl-latinamerica,21791dd6-7155-11e5-8ff7-0026b9414f30,e78ff56a-96a2-444f-b820-5475905aa1aa,d9bc06d0-a034-4de4-bced-cfc4b4e8d06c,0cdcd9b6-033e-11e4-bd0a-0026b9414f30,mgid:file:gsp:alias:/mediabus/mtv-intl-latinamerica/.com/2015/10/19/05/42/08/ccb313d403b149d38cd7df4f2a3baa44/876219/cAXFPKz3IR_HDMSAPS210S1V2_876219_5817366_640x360_1200_m30.mp4,mgid:file:gsp:alias:/mediabus/mtv-intl-latinamerica/.com/2015/10/19/05/42/08/ccb313d403b149d38cd7df4f2a3baa44/876219/cAXFPKz3IR_HDMSAPS210S1V2_876219_5817366_384x216_400_m30.mp4,spa,NULL,1
2920,1,NULL,Episodio 12 212 2,mtv-intl-latinamerica,122996d0-7155-11e5-8ff7-0026b9414f30,f42d9744-0f38-458e-8db7-f9ebe9d3c502,812a8eb7-1752-42ba-96e9-9b696a01af5d,0cdcd9b6-033e-11e4-bd0a-0026b9414f30,mgid:file:gsp:alias:/mediabus/mtv-intl-latinamerica/.com/2015/10/19/05/47/07/2e90e528bbf949eb8c64efe07a6a8a72/883411/dwQizjuMS7_HDMSAPS212S1V2_883411_5854179_640x360_1200_m30.mp4,mgid:file:gsp:alias:/mediabus/mtv-intl-latinamerica/.com/2015/10/19/05/47/07/2e90e528bbf949eb8c64efe07a6a8a72/883411/dwQizjuMS7_HDMSAPS212S1V2_883411_5854179_384x216_400_m30.mp4,spa,NULL,1
2921,1,NULL,Episodio 9 209 2,mtv-intl-latinamerica,048e9908-7155-11e5-8ff7-0026b9414f30,0a795f8c-534b-4d1f-ba04-d73aa4fe679a,106b1058-5cd9-40eb-bbad-59f0daa2ecf1,0cdcd9b6-033e-11e4-bd0a-0026b9414f30,mgid:file:gsp:alias:/mediabus/mtv-intl-latinamerica/.com/2015/10/19/05/40/27/8ad0ccc964f04477b3c2467b12508fcc/875823/PdHzSUSCal_HDMSAPS209S1V2_875823_5803907_640x360_1200_m30.mp4,mgid:file:gsp:alias:/mediabus/mtv-intl-latinamerica/.com/2015/10/19/05/40/27/8ad0ccc964f04477b3c2467b12508fcc/875823/PdHzSUSCal_HDMSAPS209S1V2_875823_5803907_384x216_400_m30.mp4,spa,NULL,1
2922,1,NULL,Episodio 8 208 2,mtv-intl-latinamerica,f778b41a-7154-11e5-8ff7-0026b9414f30,c9a537af-0a39-4b76-86b5-2918999adb7a,6d61facc-daf1-495a-8ae1-1a8f218e186a,0cdcd9b6-033e-11e4-bd0a-0026b9414f30,mgid:file:gsp:alias:/mediabus/mtv-intl-latinamerica/.com/2015/10/19/05/49/38/4582008990024defb6dcee3d97efcff5/875826/YMt4vIFDDD_HDMSAPS208S1V2_875826_5791867_640x360_1200_m30.mp4,mgid:file:gsp:alias:/mediabus/mtv-intl-latinamerica/.com/2015/10/19/05/49/38/4582008990024defb6dcee3d97efcff5/875826/YMt4vIFDDD_HDMSAPS208S1V2_875826_5791867_384x216_400_m30.mp4,spa,NULL,1
2923,1,NULL,Episodio 7 207 2,mtv-intl-latinamerica,e8326910-7154-11e5-8ff7-0026b9414f30,0c281ebd-556d-4c00-86f3-5174779d69be,c6336c14-e937-444e-925a-fb51b359dcfd,0cdcd9b6-033e-11e4-bd0a-0026b9414f30,mgid:file:gsp:alias:/mediabus/mtv-intl-latinamerica/.com/2015/10/19/05/41/49/1cf3c2a06d064efca24bdaede8fe86aa/875860/tS1NceaiNQ_HDMSAPS207S1V2_875860_5780808_640x360_1200_m30.mp4,mgid:file:gsp:alias:/mediabus/mtv-intl-latinamerica/.com/2015/10/19/05/41/49/1cf3c2a06d064efca24bdaede8fe86aa/875860/tS1NceaiNQ_HDMSAPS207S1V2_875860_5780808_384x216_400_m30.mp4,spa,NULL,1
2924,1,NULL,Episodio 5 205 2,mtv-intl-latinamerica,da9f8b34-7154-11e5-8ff7-0026b9414f30,20fe6b61-6fe0-461e-9bc0-0b8f5a56d79c,dd654528-695e-4acf-9bdc-d8bc82462aba,0cdcd9b6-033e-11e4-bd0a-0026b9414f30,mgid:file:gsp:alias:/mediabus/mtv-intl-latinamerica/.com/2015/10/19/05/46/49/12e86865c0604ba4817b068ec00d11f5/876196/UuoW0zo7gr_HDMSAPS205S1V2_876196_5758418_640x360_1200_m30.mp4,mgid:file:gsp:alias:/mediabus/mtv-intl-latinamerica/.com/2015/10/19/05/46/49/12e86865c0604ba4817b068ec00d11f5/876196/UuoW0zo7gr_HDMSAPS205S1V2_876196_5758418_384x216_400_m30.mp4,spa,NULL,1
2925,1,NULL,Episodio 11 211 2,mtv-intl-latinamerica,b928ebbc-7154-11e5-8ff7-0026b9414f30,099857e8-0675-47fa-a3e2-5cbf1d8d1a54,4f62058a-1f1c-4d95-afe2-2760de7b6bd5,0cdcd9b6-033e-11e4-bd0a-0026b9414f30,mgid:file:gsp:alias:/mediabus/mtv-intl-latinamerica/.com/2015/10/19/05/43/36/e7e64fc2bf1140f992b5b9d03b8a19d6/879686/JxE1CanUFY_HDMSAPS211S1V2_879686_5833090_640x360_1200_m30.mp4,mgid:file:gsp:alias:/mediabus/mtv-intl-latinamerica/.com/2015/10/19/05/43/36/e7e64fc2bf1140f992b5b9d03b8a19d6/879686/JxE1CanUFY_HDMSAPS211S1V2_879686_5833090_384x216_400_m30.mp4,spa,NULL,1
2926,1,NULL,Episodio 6 206 2,mtv-intl-latinamerica,9cd3ad76-7154-11e5-8ff7-0026b9414f30,26a0d371-2877-4c5c-943e-31c41ed54b29,2f1845f9-455d-4dde-ba8d-669ba0fb8ff9,0cdcd9b6-033e-11e4-bd0a-0026b9414f30,mgid:file:gsp:alias:/mediabus/mtv-intl-latinamerica/.com/2015/10/19/05/42/36/e00ec674a8c14969a4254d59d04d3608/875868/9KjjvmT5za_HDMSAPS206S1V2_875868_5769418_640x360_1200_m30.mp4,mgid:file:gsp:alias:/mediabus/mtv-intl-latinamerica/.com/2015/10/19/05/42/36/e00ec674a8c14969a4254d59d04d3608/875868/9KjjvmT5za_HDMSAPS206S1V2_875868_5769418_384x216_400_m30.mp4,spa,NULL,1
2927,1,NULL,Episodio 13 ReuniÃ³n 213 2,mtv-intl-latinamerica,ca227d66-7154-11e5-8ff7-0026b9414f30,a6409336-7f6e-4c41-a8b4-ee8ced325bb4,04520d13-21d9-400f-a6e2-7466f4c87bb1,0cdcd9b6-033e-11e4-bd0a-0026b9414f30,mgid:file:gsp:alias:/mediabus/mtv-intl-latinamerica/.com/2015/10/19/05/49/16/5fb69da2c0dc4bef92079d8ba0221165/886976/gh89tzspV6_HDMSAPS213S1V2_886976_5874843_640x360_1200_m30.mp4,mgid:file:gsp:alias:/mediabus/mtv-intl-latinamerica/.com/2015/10/19/05/49/16/5fb69da2c0dc4bef92079d8ba0221165/886976/gh89tzspV6_HDMSAPS213S1V2_886976_5874843_384x216_400_m30.mp4,spa,NULL,1
2928,1,NULL,Reunion 112 2,mtv-intl-latinamerica,57e73cd0-7110-11e5-8ff7-0026b9414f30,42ebe01d-ea97-47aa-98e8-08bcf0343a38,671ee9a0-3b0b-11e4-b48f-0026b9414f30,0cdcd9b6-033e-11e4-bd0a-0026b9414f30,mgid:file:gsp:alias:/mediabus/mtv-intl-latinamerica/.com/2015/10/12/02/38/10/e084c47b49344eba98857695901a8d29/923658/jwknx6Z1ls_HDAPS112X2_923658_5488823_640x360_1200_m30.mp4,mgid:file:gsp:alias:/mediabus/mtv-intl-latinamerica/.com/2015/10/12/02/38/10/e084c47b49344eba98857695901a8d29/923658/jwknx6Z1ls_HDAPS112X2_923658_5488823_384x216_400_m30.mp4,spa,NULL,1
2929,1,NULL,Episodio 9 109 2,mtv-intl-latinamerica,e51236fa-7110-11e5-8ff7-0026b9414f30,13f08402-94d6-4e13-acfc-5eda2391e415,32bcdcb4-3334-11e4-b48f-0026b9414f30,0cdcd9b6-033e-11e4-bd0a-0026b9414f30,mgid:file:gsp:alias:/mediabus/mtv-intl-latinamerica/.com/2015/10/12/02/42/12/4cab1211144243a2b55f1b0ff5dd7edd/923648/bP5Xj2g1If_HDAPS109X2_923648_5408879_640x360_1200_m30.mp4,mgid:file:gsp:alias:/mediabus/mtv-intl-latinamerica/.com/2015/10/12/02/42/12/4cab1211144243a2b55f1b0ff5dd7edd/923648/bP5Xj2g1If_HDAPS109X2_923648_5408879_384x216_400_m30.mp4,spa,NULL,1
2930,1,NULL,Episodio 10 110 2,mtv-intl-latinamerica,e3314548-710f-11e5-8ff7-0026b9414f30,f81b1671-6026-45b5-ab66-db01b9863703,32bcdd7c-3334-11e4-b48f-0026b9414f30,0cdcd9b6-033e-11e4-bd0a-0026b9414f30,mgid:file:gsp:alias:/mediabus/mtv-intl-latinamerica/.com/2015/10/12/02/34/54/2dd5e61c52464547be3bd8cd7886d427/923652/LboQtWGQqM_HDAPS110X2_923652_5416775_640x360_1200_m30.mp4,mgid:file:gsp:alias:/mediabus/mtv-intl-latinamerica/.com/2015/10/12/02/34/54/2dd5e61c52464547be3bd8cd7886d427/923652/LboQtWGQqM_HDAPS110X2_923652_5416775_384x216_400_m30.mp4,spa,NULL,1
2931,1,NULL,Episodio 6 106 2,mtv-intl-latinamerica,3c95ce9c-7110-11e5-8ff7-0026b9414f30,68c68be8-9ef5-4c34-ad31-6c7488393bbb,32bcdab6-3334-11e4-b48f-0026b9414f30,0cdcd9b6-033e-11e4-bd0a-0026b9414f30,mgid:file:gsp:alias:/mediabus/mtv-intl-latinamerica/.com/2015/10/19/05/43/24/d8f81f91ee5f468d84a13a82325c039e/923431/qgopX5ML9x_HDAPS106X2_923431_5374724_640x360_1200_m30.mp4,mgid:file:gsp:alias:/mediabus/mtv-intl-latinamerica/.com/2015/10/19/05/43/24/d8f81f91ee5f468d84a13a82325c039e/923431/qgopX5ML9x_HDAPS106X2_923431_5374724_384x216_400_m30.mp4,spa,NULL,1
2932,1,NULL,Episodio 8 108 2,mtv-intl-latinamerica,af21b692-7110-11e5-8ff7-0026b9414f30,a2232a4d-d751-4d7f-a68c-afa748b9e5f2,32bcdbd8-3334-11e4-b48f-0026b9414f30,0cdcd9b6-033e-11e4-bd0a-0026b9414f30,mgid:file:gsp:alias:/mediabus/mtv-intl-latinamerica/.com/2015/10/12/02/41/00/edb37d750ad944168ba95077f98a2f12/923641/sSCQCfKQi0_HDAPS108X2_923641_5488786_640x360_1200_m30.mp4,mgid:file:gsp:alias:/mediabus/mtv-intl-latinamerica/.com/2015/10/12/02/41/00/edb37d750ad944168ba95077f98a2f12/923641/sSCQCfKQi0_HDAPS108X2_923641_5488786_384x216_400_m30.mp4,spa,NULL,1
2933,1,NULL,Episodio 11 111 2,mtv-intl-latinamerica,1585fa0c-7110-11e5-8ff7-0026b9414f30,40e3b607-0b8a-480b-85f1-81e618579a3a,671ee8e2-3b0b-11e4-b48f-0026b9414f30,0cdcd9b6-033e-11e4-bd0a-0026b9414f30,mgid:file:gsp:alias:/mediabus/mtv-intl-latinamerica/.com/2015/10/12/02/36/14/be59f4157d75431fa26eaddff0d06023/923681/ZJ3UjpBtpS_HDAPS111X2_923681_5492113_640x360_1200_m30.mp4,mgid:file:gsp:alias:/mediabus/mtv-intl-latinamerica/.com/2015/10/12/02/36/14/be59f4157d75431fa26eaddff0d06023/923681/ZJ3UjpBtpS_HDAPS111X2_923681_5492113_384x216_400_m30.mp4,spa,NULL,1
2934,1,NULL,Santa ErecciÃ³n 103 2,mtv-intl-latinamerica,7ae772d8-2aff-11e5-b90b-0026b9414f30,3a5249e1-f06a-4b57-b178-e74875043190,9f3b7af4-bdf0-11e2-8a73-0026b9414f30,c8aa7db6-bd75-11e2-8a73-0026b9414f30,mgid:file:gsp:alias:/mediabus/mtv-intl-latinamerica/.com/2015/10/12/02/36/14/be59f4157d75431fa26eaddff0d06023/923681/ZJ3UjpBtpS_HDAPS111X2_923681_5492113_640x360_1200_m30.mp4,mgid:file:gsp:alias:/mediabus/mtv-intl-latinamerica/.com/2015/10/14/08/58/08/ba7c7287826e4a5990b886a97645949f/434343/SXvraSufdC_FDB103A2_434343_4503194_384x216_400_m30.mp4,spa,NULL,1
2935,1,NULL,Daniela - Henry - Steve 207 2,mtv-intl-latinamerica,e5cafd96-744b-11e5-8ff7-0026b9414f30,3459b26b-0d56-457f-b442-172857f65876,05bca85c-10aa-4bbd-b8a2-61236b847330,90111094-e7e7-4f8f-a360-59c412a5dfde,mgid:file:gsp:alias:/mediabus/mtv-intl-latinamerica/.com/2015/10/16/05/21/55/0b8a756d896c41db8b23376ffd1f5671/926402/Ex45xQpQxu_HDMSCCB207S1V2_926402_6006187_640x360_1200_m30.mp4,mgid:file:gsp:alias:/mediabus/mtv-intl-latinamerica/.com/2015/10/16/05/21/55/0b8a756d896c41db8b23376ffd1f5671/926402/Ex45xQpQxu_HDMSCCB207S1V2_926402_6006187_384x216_400_m30.mp4,spa,NULL,1
2936,1,NULL,Marcela (Fresa) - Leoncio 205 2,mtv-intl-latinamerica,55479508-744c-11e5-8ff7-0026b9414f30,576e7c1e-3707-4f14-a4aa-97cb66d62cd2,cafefaf1-a853-4626-8fe3-b45e4a466066,90111094-e7e7-4f8f-a360-59c412a5dfde,mgid:file:gsp:alias:/mediabus/mtv-intl-latinamerica/.com/2015/10/16/05/25/01/3b0950165db34191b4df685908164aff/914782/j6jOicTZjR_HDMSCCB205S1V2_914782_5971714_640x360_1200_m30.mp4,mgid:file:gsp:alias:/mediabus/mtv-intl-latinamerica/.com/2015/10/16/05/25/01/3b0950165db34191b4df685908164aff/914782/j6jOicTZjR_HDMSCCB205S1V2_914782_5971714_384x216_400_m30.mp4,spa,NULL,1
2937,1,NULL,Karem - Juan David (Laura) 209 2,mtv-intl-latinamerica,718f9972-744c-11e5-8ff7-0026b9414f30,a60c13e4-dd03-4f7a-8634-f657dc0ee392,98f3deef-4db3-459b-aa57-796a7c117851,90111094-e7e7-4f8f-a360-59c412a5dfde,mgid:file:gsp:alias:/mediabus/mtv-intl-latinamerica/.com/2015/10/16/05/26/02/8a82956e1aa040eea6bd98ae63450394/918314/fdf34fDFnk_HDMSCCB209S1V2_918314_5983392_640x360_1200_m30.mp4,mgid:file:gsp:alias:/mediabus/mtv-intl-latinamerica/.com/2015/10/16/05/26/02/8a82956e1aa040eea6bd98ae63450394/918314/fdf34fDFnk_HDMSCCB209S1V2_918314_5983392_384x216_400_m30.mp4,spa,NULL,1
2938,1,NULL,Jonathan - Karoll (Juana) 202 2,mtv-intl-latinamerica,2cdfa52a-744b-11e5-8ff7-0026b9414f30,25c0a2df-5dbc-45f4-91c2-b30cb68c26ab,48a84d6d-b51f-42f8-9f44-cb826d24f6dc,90111094-e7e7-4f8f-a360-59c412a5dfde,mgid:file:gsp:alias:/mediabus/mtv-intl-latinamerica/.com/2015/10/16/05/16/51/6b836a189dbd4300a62213db356dac5a/908067/5SsBtSuIh8_HDMSCCB202S1V2_908067_5941941_640x360_1200_m30.mp4,mgid:file:gsp:alias:/mediabus/mtv-intl-latinamerica/.com/2015/10/16/05/16/51/6b836a189dbd4300a62213db356dac5a/908067/5SsBtSuIh8_HDMSCCB202S1V2_908067_5941941_384x216_400_m30.mp4,spa,NULL,1
2939,1,NULL,Luis - Jonathan 203 2,mtv-intl-latinamerica,f5178186-744e-11e5-8ff7-0026b9414f30,2bcb5a5b-5755-42be-9b2e-3c9d84394ccc,9b541d9a-556d-4ef1-85c9-3b7cb7fc64e8,90111094-e7e7-4f8f-a360-59c412a5dfde,mgid:file:gsp:alias:/mediabus/mtv-intl-latinamerica/.com/2015/10/16/05/43/53/eb3d7fb62fa04a96b68b9222a2b2090c/894927/vbplJZzwAj_HDMSCCB203S1V2_894927_5899245_640x360_1200_m30.mp4,mgid:file:gsp:alias:/mediabus/mtv-intl-latinamerica/.com/2015/10/16/05/43/53/eb3d7fb62fa04a96b68b9222a2b2090c/894927/vbplJZzwAj_HDMSCCB203S1V2_894927_5899245_384x216_400_m30.mp4,spa,NULL,1
2940,1,NULL,Nataly - Alexander (Hernado) 206 2,mtv-intl-latinamerica,f7509ecc-7450-11e5-8ff7-0026b9414f30,c8b3639d-7f61-45ff-97e4-7b2eb4bdd230,de88d21b-a148-4a72-aa94-f17f16991bd6,90111094-e7e7-4f8f-a360-59c412a5dfde,mgid:file:gsp:alias:/mediabus/mtv-intl-latinamerica/.com/2015/10/16/05/58/26/fc4aaa0dd2b74fb1a13293f8a1973467/924585/ZcszRFR1zw_HDMSCCB206S1V2_924585_6002291_640x360_1200_m30.mp4,mgid:file:gsp:alias:/mediabus/mtv-intl-latinamerica/.com/2015/10/16/05/58/26/fc4aaa0dd2b74fb1a13293f8a1973467/924585/ZcszRFR1zw_HDMSCCB206S1V2_924585_6002291_384x216_400_m30.mp4,spa,NULL,1
2941,1,NULL,Jade - William 201 2,mtv-intl-latinamerica,0c71460c-744d-11e5-8ff7-0026b9414f30,a5ef787b-be2d-4d27-b6a0-ce686ec3558d,9180e8d4-7d0c-4a23-9423-85f03293ac09,90111094-e7e7-4f8f-a360-59c412a5dfde,mgid:file:gsp:alias:/mediabus/mtv-intl-latinamerica/.com/2015/10/16/05/30/18/c1e7f66973f84db89e86b6033e832d5e/894923/bbfQe265yw_HDMSCCB201S1V2_894923_5899244_640x360_1200_m30.mp4,mgid:file:gsp:alias:/mediabus/mtv-intl-latinamerica/.com/2015/10/16/05/30/18/c1e7f66973f84db89e86b6033e832d5e/894923/bbfQe265yw_HDMSCCB201S1V2_894923_5899244_384x216_400_m30.mp4,spa,NULL,1
2942,1,NULL,Cristian - Andrea 204 2,mtv-intl-latinamerica,df7212c4-7453-11e5-8ff7-0026b9414f30,95bb1b37-ab7b-4c8a-af52-4d75cab52706,a9c29a13-87ae-43c5-b07b-aed363b1c4c9,90111094-e7e7-4f8f-a360-59c412a5dfde,mgid:file:gsp:alias:/mediabus/mtv-intl-latinamerica/.com/2015/10/16/06/19/04/f1c67f7ec3b04c9cb6b786604c1477e9/894931/MBpyXl9tUz_HDMSCCB204S1V2_894931_5899246_640x360_1200_m30.mp4,mgid:file:gsp:alias:/mediabus/mtv-intl-latinamerica/.com/2015/10/16/06/19/04/f1c67f7ec3b04c9cb6b786604c1477e9/894931/MBpyXl9tUz_HDMSCCB204S1V2_894931_5899246_384x216_400_m30.mp4,spa,NULL,1
2943,1,NULL,El Heredero 202 2,mtv-intl-latinamerica,5533da72-7442-11e5-8ff7-0026b9414f30,23db2570-b5a9-4444-994b-25e1189727b7,a79a8234-a06c-11e4-a3c3-0026b9414f30,c8aa7db6-bd75-11e2-8a73-0026b9414f30,mgid:file:gsp:alias:/mediabus/mtv-intl-latinamerica/.com/2015/10/16/06/19/04/f1c67f7ec3b04c9cb6b786604c1477e9/894931/MBpyXl9tUz_HDMSCCB204S1V2_894931_5899246_640x360_1200_m30.mp4,mgid:file:gsp:alias:/mediabus/mtv-intl-latinamerica/.com/2015/10/16/04/13/41/d096f32478d649559653bd3173cc5e43/870658/vWdqdg2Zt8_HDMSFDB202S1V2_870658_5803858_384x216_400_m30.mp4,spa,NULL,1
2944,1,NULL,Juan Erection 201 2,mtv-intl-latinamerica,a0fd23f6-7446-11e5-8ff7-0026b9414f30,e8172ca8-e082-4ef0-b9b4-f92689921d6e,a79a819e-a06c-11e4-a3c3-0026b9414f30,c8aa7db6-bd75-11e2-8a73-0026b9414f30,mgid:file:gsp:alias:/mediabus/mtv-intl-latinamerica/.com/2015/10/16/04/44/14/72e22832ad0544eda5b7a34b4e560e4f/870285/e3eWRqNMni_HDMSFDB201S1V2_870285_5802295_640x360_1200_m30.mp4,mgid:file:gsp:alias:/mediabus/mtv-intl-latinamerica/.com/2015/10/16/04/44/14/72e22832ad0544eda5b7a34b4e560e4f/870285/e3eWRqNMni_HDMSFDB201S1V2_870285_5802295_384x216_400_m30.mp4,spa,NULL,1
2945,1,NULL,Episodio 1 101 2,mtv-intl-latinamerica,0c9cda20-712c-11e5-8ff7-0026b9414f30,d0a84d5d-de83-440c-b0d3-b6eb8b52ac60,bb7709ba-5295-11e3-984c-0026b9414f30,23f6d2c5-4537-4f1b-8659-bb7417ac7104,mgid:file:gsp:alias:/mediabus/mtv-intl-latinamerica/.com/2015/10/16/11/58/49/6cc2695b140240cc952030ba7feeadff/536765/rHk4NR9Muq_GDS101A2_536765_4862178_640x360_1200_m30.mp4,mgid:file:gsp:alias:/mediabus/mtv-intl-latinamerica/.com/2015/10/16/11/58/49/6cc2695b140240cc952030ba7feeadff/536765/rHk4NR9Muq_GDS101A2_536765_4862178_384x216_400_m30.mp4,spa,NULL,1
2946,1,NULL,Episode 6 106 2,mtv-intl-latinamerica,117313d4-713b-11e5-8ff7-0026b9414f30,e838157e-2234-4af2-8740-c25692734b56,bb770dfc-5295-11e3-984c-0026b9414f30,23f6d2c5-4537-4f1b-8659-bb7417ac7104,mgid:file:gsp:alias:/mediabus/mtv-intl-latinamerica/.com/2015/10/15/04/04/03/457a0a36e9bc43f395042ba60c2284d3/554366/hLMcDz8BW8_GDS106A2_554366_4921012_640x360_1200_m30.mp4,mgid:file:gsp:alias:/mediabus/mtv-intl-latinamerica/.com/2015/10/15/04/04/03/457a0a36e9bc43f395042ba60c2284d3/554366/hLMcDz8BW8_GDS106A2_554366_4921012_384x216_400_m30.mp4,spa,NULL,1
2947,1,NULL,Episodio 5 105 2,mtv-intl-latinamerica,1a7ce672-713a-11e5-8ff7-0026b9414f30,ebe476fe-d5ed-456a-9d2b-349a17812d53,bb770cbc-5295-11e3-984c-0026b9414f30,23f6d2c5-4537-4f1b-8659-bb7417ac7104,mgid:file:gsp:alias:/mediabus/mtv-intl-latinamerica/.com/2015/10/15/04/04/38/99ad8eaebcce43e899a345c08c1db960/553383/d59leVV8aO_GDS105A2_553383_4917500_640x360_1200_m30.mp4,mgid:file:gsp:alias:/mediabus/mtv-intl-latinamerica/.com/2015/10/15/04/04/38/99ad8eaebcce43e899a345c08c1db960/553383/d59leVV8aO_GDS105A2_553383_4917500_384x216_400_m30.mp4,spa,NULL,1
2948,1,NULL,Episodio 3 103 2,mtv-intl-latinamerica,b1c40564-7127-11e5-8ff7-0026b9414f30,3bddf367-d89b-43b0-921b-88395a902f11,bb770b54-5295-11e3-984c-0026b9414f30,23f6d2c5-4537-4f1b-8659-bb7417ac7104,mgid:file:gsp:alias:/mediabus/mtv-intl-latinamerica/.com/2015/10/16/11/56/52/a50c32b94d3a473085cf33408059e2fb/553054/TpLgdNOaGW_GDS103A2_553054_4913607_640x360_1200_m30.mp4,mgid:file:gsp:alias:/mediabus/mtv-intl-latinamerica/.com/2015/10/16/11/56/52/a50c32b94d3a473085cf33408059e2fb/553054/TpLgdNOaGW_GDS103A2_553054_4913607_384x216_400_m30.mp4,spa,NULL,1
2949,1,NULL,Episodio 2 102 2,mtv-intl-latinamerica,08d30390-7129-11e5-8ff7-0026b9414f30,7173ae28-f8af-43e6-9e28-837da04747c7,bb770a82-5295-11e3-984c-0026b9414f30,23f6d2c5-4537-4f1b-8659-bb7417ac7104,mgid:file:gsp:alias:/mediabus/mtv-intl-latinamerica/.com/2015/10/16/11/56/59/7e649afb0773441d95539e3d6a97bcd2/536791/GQQ9q2TgBn_GDS102A2_536791_4862210_640x360_1200_m30.mp4,mgid:file:gsp:alias:/mediabus/mtv-intl-latinamerica/.com/2015/10/16/11/56/59/7e649afb0773441d95539e3d6a97bcd2/536791/GQQ9q2TgBn_GDS102A2_536791_4862210_384x216_400_m30.mp4,spa,NULL,1
2950,1,NULL,Episodio 4 104 2,mtv-intl-latinamerica,be61fae2-7127-11e5-8ff7-0026b9414f30,37f3b0a5-cb31-433c-a851-9e5d240b0f0a,bb770bfe-5295-11e3-984c-0026b9414f30,23f6d2c5-4537-4f1b-8659-bb7417ac7104,mgid:file:gsp:alias:/mediabus/mtv-intl-latinamerica/.com/2015/10/16/12/03/42/60d6039ba64f4f3c8c1e482ea0916a37/553097/xuolheEJ9W_GDS104A2_553097_4913613_640x360_1200_m30.mp4,mgid:file:gsp:alias:/mediabus/mtv-intl-latinamerica/.com/2015/10/16/12/03/42/60d6039ba64f4f3c8c1e482ea0916a37/553097/xuolheEJ9W_GDS104A2_553097_4913613_384x216_400_m30.mp4,spa,NULL,1
2994,1,NULL,Episodio 7 107 2,mtv-intl-latinamerica,436e8b6a-780d-11e5-8ff7-0026b9414f30,2dd48c00-13d9-416a-8808-5060240009fc,5398b55a-4432-472a-8e55-b2f3d2f06a1a,e5fec5f0-5dfa-4466-b58c-e35ee9022e62,mgid:file:gsp:alias:/mediabus/mtv-intl-latinamerica/.com/2015/10/21/12/04/10/b60e291c896c4e34a33f585c8fcdfdd1/897916/c3u3lQIU4s_HDMSEXB107S1S2_897916_5905960_640x360_1200_m30.mp4,mgid:file:gsp:alias:/mediabus/mtv-intl-latinamerica/.com/2015/10/21/12/04/10/b60e291c896c4e34a33f585c8fcdfdd1/897916/c3u3lQIU4s_HDMSEXB107S1S2_897916_5905960_384x216_400_m30.mp4,spa,NULL,1
2995,1,NULL,Episodio 8 108 2,mtv-intl-latinamerica,29653f16-780d-11e5-8ff7-0026b9414f30,135d2797-a273-4543-9781-84c8a582ed6e,cc8fe198-91cc-4c27-b73d-51d8810e3dc1,e5fec5f0-5dfa-4466-b58c-e35ee9022e62,mgid:file:gsp:alias:/mediabus/mtv-intl-latinamerica/.com/2015/10/21/12/03/14/c4f744bdc130464bbd488439daf60d52/897921/fOPl414sq6_HDMSEXB108S1S2_897921_5905271_640x360_1200_m30.mp4,mgid:file:gsp:alias:/mediabus/mtv-intl-latinamerica/.com/2015/10/21/12/03/14/c4f744bdc130464bbd488439daf60d52/897921/fOPl414sq6_HDMSEXB108S1S2_897921_5905271_384x216_400_m30.mp4,spa,NULL,1
2996,1,NULL,Episodio 4 104 2,mtv-intl-latinamerica,7458e860-780d-11e5-8ff7-0026b9414f30,0fad41b9-502e-4538-b8b9-046ad84b86f1,63d0fe6c-9baf-443d-a3b4-73ad28f16554,e5fec5f0-5dfa-4466-b58c-e35ee9022e62,mgid:file:gsp:alias:/mediabus/mtv-intl-latinamerica/.com/2015/10/21/12/05/28/7037c07013634521b86d8a747abb6e3b/887562/EQCAx0nC05_HDMSEXB104S1S2_887562_5871914_640x360_1200_m30.mp4,mgid:file:gsp:alias:/mediabus/mtv-intl-latinamerica/.com/2015/10/21/12/05/28/7037c07013634521b86d8a747abb6e3b/887562/EQCAx0nC05_HDMSEXB104S1S2_887562_5871914_384x216_400_m30.mp4,spa,NULL,1
2997,1,NULL,Episodio 3 103 2,mtv-intl-latinamerica,0578a520-780d-11e5-8ff7-0026b9414f30,577d86f6-8bf9-4070-8ad4-bfe23183abc7,0262373f-69e3-4a71-9c12-11f1113164db,e5fec5f0-5dfa-4466-b58c-e35ee9022e62,mgid:file:gsp:alias:/mediabus/mtv-intl-latinamerica/.com/2015/10/21/12/02/10/8452ce28195b482b8e33539e16e32fa4/881633/ZrdtY7CsNw_HDMSEXB103S1S2_881633_5836204_640x360_1200_m30.mp4,mgid:file:gsp:alias:/mediabus/mtv-intl-latinamerica/.com/2015/10/21/12/02/10/8452ce28195b482b8e33539e16e32fa4/881633/ZrdtY7CsNw_HDMSEXB103S1S2_881633_5836204_384x216_400_m30.mp4,spa,NULL,1
2998,1,NULL,Episodio 2 102 2,mtv-intl-latinamerica,83aa98f4-780d-11e5-8ff7-0026b9414f30,4dcb1bfb-a566-4698-b111-02043cf86a65,1fcbef95-8bc2-47a5-9faf-cde4db0c9b44,e5fec5f0-5dfa-4466-b58c-e35ee9022e62,mgid:file:gsp:alias:/mediabus/mtv-intl-latinamerica/.com/2015/10/21/12/05/47/61505b6bdb284d2fa235464ff290384e/880816/sesMGTITbr_HDMSEXB102S1S2_880816_5836374_640x360_1200_m30.mp4,mgid:file:gsp:alias:/mediabus/mtv-intl-latinamerica/.com/2015/10/21/12/05/47/61505b6bdb284d2fa235464ff290384e/880816/sesMGTITbr_HDMSEXB102S1S2_880816_5836374_384x216_400_m30.mp4,spa,NULL,1
2999,1,NULL,Episodio 1 101 2,mtv-intl-latinamerica,1b3ac87a-780d-11e5-8ff7-0026b9414f30,dcd7a858-00b4-4645-b4df-5cef4cfbd46f,8534a84c-20d4-4621-a5bd-860a18d78516,e5fec5f0-5dfa-4466-b58c-e35ee9022e62,mgid:file:gsp:alias:/mediabus/mtv-intl-latinamerica/.com/2015/10/21/12/02/41/0024047fa8204c1993a45948f5058578/879547/gYslEL0rIf_HDMSEXB101S1S2_879547_5830426_640x360_1200_m30.mp4,mgid:file:gsp:alias:/mediabus/mtv-intl-latinamerica/.com/2015/10/21/12/02/41/0024047fa8204c1993a45948f5058578/879547/gYslEL0rIf_HDMSEXB101S1S2_879547_5830426_384x216_400_m30.mp4,spa,NULL,1